<?xml version='1.0' encoding='utf-8'?>
<!DOCTYPE hibernate-mapping PUBLIC
    "-//Hibernate/Hibernate Mapping DTD 3.0//EN"
    "http://www.hibernate.org/dtd/hibernate-mapping-3.0.dtd">
<hibernate-mapping>

    <class name="MainPage.CategoriesEntity" table="categories" schema="masdb">
        <id name="idCategory">
            <column name="idCategory" sql-type="int"/>
        </id>
        <property name="catName">
            <column name="catName" sql-type="text" not-null="true"/>
        </property>
    </class>
</hibernate-mapping>