<?xml version='1.0' encoding='utf-8'?>
<!DOCTYPE hibernate-mapping PUBLIC
    "-//Hibernate/Hibernate Mapping DTD 3.0//EN"
    "http://www.hibernate.org/dtd/hibernate-mapping-3.0.dtd">
<hibernate-mapping>

    <class name="MainPage.ComplaintsEntity" table="complaints" schema="masdb">
        <id name="id">
            <column name="id" sql-type="int"/>
        </id>
        <property name="orderNumber">
            <column name="orderNumber" sql-type="text"/>
        </property>
        <property name="idWorker">
            <column name="idWorker" sql-type="int" not-null="true"/>
        </property>
        <property name="subDate">
            <column name="subDate" sql-type="date" not-null="true"/>
        </property>
        <property name="endDate">
            <column name="endDate" sql-type="date" not-null="true"/>
        </property>
        <property name="msg">
            <column name="msg" sql-type="text" not-null="true"/>
        </property>
    </class>
</hibernate-mapping>