<?xml version='1.0' encoding='utf-8'?>
<!DOCTYPE hibernate-configuration PUBLIC
    "-//Hibernate/Hibernate Configuration DTD//EN"
    "http://www.hibernate.org/dtd/hibernate-configuration-3.0.dtd">
<hibernate-configuration>
  <session-factory>
    <property name="connection.url">jdbc:mysql://127.0.0.1:3306/masdb</property>
    <property name="connection.driver_class">com.mysql.cj.jdbc.Driver</property>
    <mapping class="MainPage.BlackEntity"/>
      <mapping class="MainPage.CategoriesEntity"/>
      <mapping class="MainPage.ClientsEntity"/>
      <mapping class="MainPage.LEntity"/>
      <mapping class="MainPage.MEntity"/>
      <mapping class="MainPage.ManagersEntity"/>
      <mapping class="MainPage.OrdersEntity"/>
      <mapping class="MainPage.PicturesEntity"/>
      <mapping class="MainPage.ProdlistEntity"/>
      <mapping class="MainPage.ProductsEntity"/>
      <mapping class="MainPage.SEntity"/>
      <mapping class="MainPage.UsersEntity"/>
      <mapping class="MainPage.WhiteEntity"/>
      <mapping class="MainPage.WorkersEntity"/>
      <mapping class="MainPage.XlEntity"/>
    <mapping resource="BlackEntity.hbm.xml"/>
    <mapping resource="CategoriesEntity.hbm.xml"/>
    <mapping resource="ClientsEntity.hbm.xml"/>
    <mapping class="MainPage.ComplaintsEntity"/>
    <mapping resource="ComplaintsEntity.hbm.xml"/>
    <mapping resource="LEntity.hbm.xml"/>
    <mapping resource="MEntity.hbm.xml"/>
    <mapping resource="ManagersEntity.hbm.xml"/>
    <mapping class="MainPage.MessagesEntity"/>
    <mapping resource="MessagesEntity.hbm.xml"/>
    <mapping resource="NWorkersEntity.hbm.xml"/>
    <mapping class="MainPage.NWorkersEntity"/>
    <mapping resource="OrdersEntity.hbm.xml"/>
    <mapping resource="PicturesEntity.hbm.xml"/>
    <mapping resource="ProdlistEntity.hbm.xml"/>
    <mapping resource="ProductsEntity.hbm.xml"/>
    <mapping class="MainPage.ReviewsEntity"/>
    <mapping resource="ReviewsEntity.hbm.xml"/>
    <mapping resource="SEntity.hbm.xml"/>
    <mapping class="MainPage.ShoplocaleEntity"/>
    <mapping resource="ShoplocaleEntity.hbm.xml"/>
    <mapping resource="UsersEntity.hbm.xml"/>
    <mapping resource="WhiteEntity.hbm.xml"/>
    <mapping resource="WorkersEntity.hbm.xml"/>
    <mapping resource="XlEntity.hbm.xml"/>
    <!-- <property name="connection.username"/> -->
    <!-- <property name="connection.password"/> -->

    <!-- DB schema will be updated if needed -->
    <!-- <property name="hibernate.hbm2ddl.auto">update</property> -->
  </session-factory>
</hibernate-configuration>