<?xml version='1.0' encoding='utf-8'?>
<!DOCTYPE hibernate-mapping PUBLIC
    "-//Hibernate/Hibernate Mapping DTD 3.0//EN"
    "http://www.hibernate.org/dtd/hibernate-mapping-3.0.dtd">
<hibernate-mapping>

    <class name="MainPage.ManagersEntity" table="managers" schema="masdb">
        <id name="id">
            <column name="id" sql-type="int"/>
        </id>
        <property name="yearsInCompany">
            <column name="years_in_company" sql-type="int" not-null="true"/>
        </property>
    </class>
</hibernate-mapping>