<?xml version='1.0' encoding='utf-8'?>
<!DOCTYPE hibernate-mapping PUBLIC
    "-//Hibernate/Hibernate Mapping DTD 3.0//EN"
    "http://www.hibernate.org/dtd/hibernate-mapping-3.0.dtd">
<hibernate-mapping>

    <class name="MainPage.MessagesEntity" table="messages" schema="masdb">
        <id name="idMsg">
            <column name="idMsg" sql-type="int"/>
        </id>
        <property name="idClient">
            <column name="idClient" sql-type="int" not-null="true"/>
        </property>
        <property name="idWorker">
            <column name="idWorker" sql-type="int" not-null="true"/>
        </property>
        <property name="msg">
            <column name="msg" sql-type="text" not-null="true"/>
        </property>
        <property name="title">
            <column name="title" sql-type="text" not-null="true"/>
        </property>
    </class>
</hibernate-mapping>