<?xml version='1.0' encoding='utf-8'?>
<!DOCTYPE hibernate-mapping PUBLIC
    "-//Hibernate/Hibernate Mapping DTD 3.0//EN"
    "http://www.hibernate.org/dtd/hibernate-mapping-3.0.dtd">
<hibernate-mapping>

    <class name="MainPage.OrdersEntity" table="orders" schema="masdb">
        <id name="orderNumber">
            <column name="orderNumber" sql-type="int"/>
        </id>
        <property name="orderDate">
            <column name="orderDate" sql-type="date" not-null="true"/>
        </property>
        <property name="idClient">
            <column name="idClient" sql-type="int" not-null="true"/>
        </property>
        <property name="state">
            <column name="state" sql-type="text" not-null="true"/>
        </property>
    </class>
</hibernate-mapping>