<?xml version='1.0' encoding='utf-8'?>
<!DOCTYPE hibernate-mapping PUBLIC
    "-//Hibernate/Hibernate Mapping DTD 3.0//EN"
    "http://www.hibernate.org/dtd/hibernate-mapping-3.0.dtd">
<hibernate-mapping>

    <class name="MainPage.PicturesEntity" table="pictures" schema="masdb">
        <id name="imageId">
            <column name="imageId" sql-type="int"/>
        </id>
        <property name="prodNumber">
            <column name="prodNumber" sql-type="int" not-null="true"/>
        </property>
        <property name="image">
            <column name="image" sql-type="blob" not-null="true"/>
        </property>
    </class>
</hibernate-mapping>