<?xml version='1.0' encoding='utf-8'?>
<!DOCTYPE hibernate-mapping PUBLIC
    "-//Hibernate/Hibernate Mapping DTD 3.0//EN"
    "http://www.hibernate.org/dtd/hibernate-mapping-3.0.dtd">
<hibernate-mapping>

    <class name="MainPage.ProductsEntity" table="products" schema="masdb">
        <id name="prodNumber">
            <column name="prodNumber" sql-type="int"/>
        </id>
        <property name="price">
            <column name="price" sql-type="text" not-null="true"/>
        </property>
        <property name="color">
            <column name="color" sql-type="text" not-null="true"/>
        </property>
        <property name="prodName">
            <column name="prodName" sql-type="text" not-null="true"/>
        </property>
        <property name="idCategory">
            <column name="idCategory" sql-type="int" not-null="true"/>
        </property>
    </class>
</hibernate-mapping>