<?xml version='1.0' encoding='utf-8'?>
<!DOCTYPE hibernate-mapping PUBLIC
    "-//Hibernate/Hibernate Mapping DTD 3.0//EN"
    "http://www.hibernate.org/dtd/hibernate-mapping-3.0.dtd">
<hibernate-mapping>

    <class name="MainPage.ShoplocaleEntity" table="shoplocale" schema="masdb">
        <id name="shopId">
            <column name="shopId" sql-type="int"/>
        </id>
        <property name="streetName">
            <column name="streetName" sql-type="text" not-null="true"/>
        </property>
        <property name="streetNumber">
            <column name="streetNumber" sql-type="text" not-null="true"/>
        </property>
    </class>
</hibernate-mapping>