<?xml version='1.0' encoding='utf-8'?>
<!DOCTYPE hibernate-mapping PUBLIC
    "-//Hibernate/Hibernate Mapping DTD 3.0//EN"
    "http://www.hibernate.org/dtd/hibernate-mapping-3.0.dtd">
<hibernate-mapping>

    <class name="MainPage.UsersEntity" table="users" schema="masdb">
        <id name="id">
            <column name="id" sql-type="int"/>
        </id>
        <property name="firstname">
            <column name="firstname" sql-type="text" not-null="true"/>
        </property>
        <property name="surname">
            <column name="surname" sql-type="text" not-null="true"/>
        </property>
        <property name="email">
            <column name="email" sql-type="text" not-null="true"/>
        </property>
        <property name="phoneNumber">
            <column name="phoneNumber" sql-type="text" not-null="true"/>
        </property>
        <property name="address">
            <column name="address" sql-type="text" not-null="true"/>
        </property>
        <property name="password">
            <column name="password" sql-type="text" not-null="true"/>
        </property>
    </class>
</hibernate-mapping>