<?xml version='1.0' encoding='utf-8'?>
<!DOCTYPE hibernate-mapping PUBLIC
    "-//Hibernate/Hibernate Mapping DTD 3.0//EN"
    "http://www.hibernate.org/dtd/hibernate-mapping-3.0.dtd">
<hibernate-mapping>

    <class name="MainPage.WorkersEntity" table="workers" schema="masdb">
        <id name="id">
            <column name="id" sql-type="int"/>
        </id>
        <property name="pesel">
            <column name="PESEL" sql-type="text" not-null="true"/>
        </property>
        <property name="salary">
            <column name="salary" sql-type="float" precision="-1" not-null="true"/>
        </property>
        <property name="shoplocaleId">
            <column name="shoplocaleId" sql-type="int" not-null="true"/>
        </property>
    </class>
</hibernate-mapping>